category,amount,year
COMPLAINT OTHER,67238,2018
AREA CHECK,42774,2018
TRAFFIC INCIDENT,35960,2018
DISTURBANCE (OTHER),23973,2018
"BURGLAR ALARM, SILENT",20761,2018
WARR STOP WITH RELEASE,15848,2018
BUSINESS CHECK,13972,2018
RETURN FOR ADDITIONAL INFO,13313,2018
AUTO ACCIDENT,13210,2018
SUSPICIOUS PERSON,13077,2018
DOMESTIC DISTURBANCE,10670,2018
HIT & RUN,7259,2018
MEDICAL,7131,2018
MUNICIPAL ATTACHMENT,6255,2018
THEFT,5212,2018
DIRECTED PATROL,5148,2018
MENTAL PATIENT,5034,2018
SIMPLE BURGLARY VEHICLE,4630,2018
DRUG VIOLATIONS,3932,2018
SIMPLE BATTERY DOMESTIC,3911,2018
SHOPLIFTING,3774,2018
AUTO ACCIDENT WITH INJURY,3768,2018
FUGITIVE ATTACHMENT,3766,2018
SIMPLE BATTERY,3740,2018
AUTO THEFT,3592,2018
SIMPLE CRIMINAL DAMAGE,3421,2018
FIGHT,3334,2018
TOW IMPOUNDED VEHICLE (PRIVATE),3018,2018
HOLD UP ALARM,2955,2018
LOST PROPERTY,2895,2018
NOISE COMPLAINT,2885,2018
RECKLESS DRIVING,2505,2018
DISCHARGING FIREARM,2382,2018
SILENT 911 CALL,2190,2018
THEFT BY FRAUD,1983,2018
EXTORTION (THREATS),1784,2018
PROWLER,1783,2018
RESIDENCE BURGLARY,1448,2018
RECOVERY OF REPORTED STOLEN VEHICLE,1294,2018
WALKING BEAT,1292,2018
QUALITY OF LIFE ISSUE,1060,2018
DIRECTED TRAFFIC ENFORCEMENT,1043,2018
MISSING ADULT,866,2018
MISSING JUVENILE,843,2018
SEX OFFENDER REGISTRATION CHECK,799,2018
HIT & RUN WITH INJURIES,761,2018
AGGRAVATED ASSAULT,754,2018
ABANDONED VEHICLE,727,2018
FIRE,702,2018
SIMPLE BURGLARY,652,2018
DEATH,601,2018
UNAUTHORIZED USE OF VEHICLE,558,2018
INCIDENT REQUESTED BY ANOTHER AGENCY,546,2018
DRIVING WHILE UNDER INFLUENCE,546,2018
"OBSCENITY, EXPOSING",542,2018
CRIMINAL DAMAGE DOMESTIC,506,2018
ARMED ROBBERY WITH GUN,472,2018
THEFT FROM EXTERIOR,464,2018
PICKPOCKET,449,2018
BICYCLE THEFT,445,2018
"BURGLAR ALARM, SILENT, FAR NO RESPONSE",434,2018
SIMPLE ROBBERY,410,2018
AGGRAVATED BATTERY BY SHOOTING,404,2018
SUICIDE THREAT,400,2018
BUSINESS BURGLARY,397,2018
VIOLATION OF PROTECTION ORDER,385,2018
FIREWORKS,346,2018
RECOVERY OF VEHICLE,334,2018
HOMELESS,314,2018
"BURGLAR ALARM, LOCAL",312,2018
SEXUAL BATTERY,306,2018
ILLEGAL CARRYING OF WEAPON- GUN,292,2018
AGGRAVATED RAPE,287,2018
AGGRAVATED ASSAULT DOMESTIC,269,2018
TRAFFIC ATTACHMENT,265,2018
EXTORTION (THREATS) DOMESTIC,249,2018
SIMULTANEOS STOLEN/RECOVERY VEHICLE,237,2018
THEFT FROM EXTERIOR OF VEHICLE,228,2018
ELECTRONIC MONITORING,221,2018
FLOOD EVENT,201,2018
AGGRAVATED BATTERY BY KNIFE,195,2018
SUICIDE ATTEMPT,194,2018
RESIDENCE CHECK,191,2018
UNCLASSIFIED DEATH,184,2018
AGGRAVATED CRIMINAL DAMAGE,175,2018
AGGRAVATED BATTERY,174,2018
SIMPLE RAPE,161,2018
CURFEW VIOLATION,160,2018
AUTO ACCIDENT POLICE VEHICLE,157,2018
SIMPLE ASSAULT DOMESTIC,153,2018
CRIMINAL MISCHIEF,149,2018
SUICIDE,143,2018
AGGRAVATED BATTERY DOMESTIC,131,2018
ILLEGAL CARRYING OF WEAPON,115,2018
JUVENILE ATTACHMENT,113,2018
CRUELTY TO ANIMALS,111,2018
SIMPLE ASSAULT,108,2018
AUTO ACCIDENT CITY VEHICLE,107,2018
HOMICIDE BY SHOOTING,97,2018
AGGRAVATED BATTERY BY CUTTING,95,2018
CARJACKING,93,2018
"SIMPLE ROBBERY, PROPERTY SNATCHING",92,2018
PROSTITUTION,90,2018
POSSESSION OF STOLEN PROPERTY,83,2018
MEDICAL SEXUAL ASSAULT KIT PROCESSING,78,2018
THEFT BY EMBEZZLEMENT,70,2018
AGGRAVATED BURGLARY,64,2018
INDECENT BEHAVIOR,61,2018
"OFFICER NEEDS ASSISTANCE, LIFE IN DANGER",58,2018
VIDEO VOYEURISM,57,2018
ARMED ROBBERY,54,2018
SUSPICIOUS PACKAGE,52,2018
DISPERSE SUBJECTS,50,2018
TROOP N AREA - BUSINESS - RESIDENCE CHECK,50,2018
ARMED ROBBERY WITH KNIFE,49,2018
SIMPLE KIDNAPPING,49,2018
TRUANT VIOLATION,48,2018
SIMPLE BURGLARY DOMESTIC,43,2018
MISDEMEANOR SEXUAL BATTERY,38,2018
SIMPLE ARSON,35,2018
ISSUING WORTHLESS CHECKS,33,2018
FORGERY,33,2018
DRUNK,32,2018
VEHICLE PURSUIT,30,2018
AGGRAVATED BURGLARY DOMESTIC,29,2018
AUTO ACCIDENT FATALITY,27,2018
CARJACKING- NO WEAPON,24,2018
CAD TEST,23,2018
ATTACHMENT,23,2018
PARADE ITEM NUMBER,20,2018
AGGRAVATED RAPE UNFOUNDED BY SPECIAL VICTIMS OR CHILD ABUSE,18,2018
AGGRAVATED ARSON,16,2018
HOMICIDE,16,2018
HIT & RUN CITY VEHICLE,16,2018
NEGLIENT INJURY,15,2018
BOMB SCARE,15,2018
OFFICER NEEDS ASSISTANCE,13,2018
AGGRAVATED RAPE MALE VICTIM,10,2018
ILLEGAL CARRYING OF WEAPON- KNIFE,10,2018
FLOODED VEHICLE,10,2018
TRAFFIC CONGESTION,9,2018
SEXTING,9,2018
SIMPLE RAPE MALE VICTIM,9,2018
SIMPLE ESCAPE,8,2018
UNDERPASS MONITORING OR CLOSURE,8,2018
HIT & RUN POLICE VEHICLE,7,2018
AGGRAVATED KIDNAPPING,7,2018
MEDICAL - NALOXONE,7,2018
BLIGHTED PROPERTY,6,2018
HOMICIDE BY CUTTING,6,2018
ORAL SEXUAL BATTERY,6,2018
SIMPLE RAPE UNFOUNDED BY SPECIAL VICTIMS OR CHILD ABUSE,6,2018
EXPLOSION,6,2018
CONTRIBUTING TO DELINQUENCY,5,2018
PROTEST,5,2018
HIT & RUN FATALITY,4,2018
IMPERSONATING AN OFFICER,4,2018
MEET AN OFFICER,3,2018
UNDERAGE DRINKING VIOLATION,3,2018
PEEPING TOM,2,2018
ABANDONED BOAT,2,2018
HOSTAGE SITUATION,2,2018
CRIMINAL MISCHIEF DOMESTIC,2,2018
SOLICITING FOR PROSTITUTION,2,2018
GAMBLING,2,2018
ASSET SEIZURE,1,2018
AGGRAVATED ESCAPE,1,2018
SIMPLE ARSON DOMESTIC,1,2018
UNATTENDED PACKAGE,1,2018
HOMICIDE DOMESTIC,1,2018
AIRPLANE CRASH,1,2018
DESECRATION OF GRAVES,1,2018
SAFE BURGLARY,1,2018
TAKING TEMPORARY POSSESSION,1,2018
COMPLAINT OTHER,87878,2017
TRAFFIC INCIDENT,44382,2017
"BURGLAR ALARM, SILENT",34816,2017
DISTURBANCE (OTHER),27801,2017
AREA CHECK,19566,2017
WARR STOP WITH RELEASE,18802,2017
AUTO ACCIDENT,16319,2017
SUSPICIOUS PERSON,16012,2017
RETURN FOR ADDITIONAL INFO,13148,2017
BUSINESS CHECK,12623,2017
DOMESTIC DISTURBANCE,11558,2017
MUNICIPAL ATTACHMENT,9039,2017
HIT & RUN,8487,2017
MEDICAL,6873,2017
THEFT,5362,2017
MENTAL PATIENT,5296,2017
AUTO ACCIDENT WITH INJURY,5022,2017
FUGITIVE ATTACHMENT,4693,2017
SIMPLE BATTERY DOMESTIC,4640,2017
NOISE COMPLAINT,4570,2017
SIMPLE BURGLARY VEHICLE,4466,2017
DIRECTED PATROL,4459,2017
SHOPLIFTING,4373,2017
SIMPLE BATTERY,4254,2017
FIGHT,4076,2017
HOLD UP ALARM,4046,2017
LOST PROPERTY,3895,2017
RECKLESS DRIVING,3860,2017
SIMPLE CRIMINAL DAMAGE,3855,2017
DISCHARGING FIREARM,3620,2017
DRUG VIOLATIONS,3498,2017
AUTO THEFT,3438,2017
SILENT 911 CALL,3119,2017
THEFT BY FRAUD,1904,2017
PROWLER,1887,2017
EXTORTION (THREATS),1873,2017
RESIDENCE BURGLARY,1871,2017
SEX OFFENDER REGISTRATION CHECK,1380,2017
RECOVERY OF REPORTED STOLEN VEHICLE,1222,2017
QUALITY OF LIFE ISSUE,1115,2017
MISSING JUVENILE,1061,2017
THEFT FROM EXTERIOR,1017,2017
SIMPLE BURGLARY,985,2017
HIT & RUN WITH INJURIES,903,2017
AGGRAVATED ASSAULT,840,2017
MISSING ADULT,837,2017
PICKPOCKET,824,2017
BICYCLE THEFT,738,2017
"OBSCENITY, EXPOSING",714,2017
FIRE,692,2017
ARMED ROBBERY WITH GUN,641,2017
CRIMINAL DAMAGE DOMESTIC,623,2017
DEATH,605,2017
UNAUTHORIZED USE OF VEHICLE,595,2017
INCIDENT REQUESTED BY ANOTHER AGENCY,575,2017
"BURGLAR ALARM, LOCAL",561,2017
AGGRAVATED BATTERY BY SHOOTING,551,2017
FIREWORKS,536,2017
SIMPLE ROBBERY,501,2017
DRIVING WHILE UNDER INFLUENCE,492,2017
FLOOD EVENT,462,2017
RESIDENCE CHECK,414,2017
SUICIDE,405,2017
RECOVERY OF VEHICLE,391,2017
HOMELESS,389,2017
ILLEGAL CARRYING OF WEAPON- GUN,382,2017
SEXUAL BATTERY,381,2017
BUSINESS BURGLARY,373,2017
VIOLATION OF PROTECTION ORDER,367,2017
DIRECTED TRAFFIC ENFORCEMENT,357,2017
EXTORTION (THREATS) DOMESTIC,314,2017
AGGRAVATED RAPE,311,2017
AGGRAVATED ASSAULT DOMESTIC,302,2017
AGGRAVATED BATTERY BY KNIFE,302,2017
AGGRAVATED BATTERY,294,2017
WALKING BEAT,274,2017
TRAFFIC ATTACHMENT,267,2017
ABANDONED VEHICLE,259,2017
UNCLASSIFIED DEATH,257,2017
SIMULTANEOS STOLEN/RECOVERY VEHICLE,232,2017
AGGRAVATED CRIMINAL DAMAGE,200,2017
CURFEW VIOLATION,200,2017
CRIMINAL MISCHIEF,195,2017
AGGRAVATED BATTERY DOMESTIC,177,2017
ELECTRONIC MONITORING,177,2017
PROSTITUTION,166,2017
SIMPLE RAPE,155,2017
SIMPLE ASSAULT DOMESTIC,151,2017
"SIMPLE ROBBERY, PROPERTY SNATCHING",137,2017
"OFFICER NEEDS ASSISTANCE, LIFE IN DANGER",134,2017
POLICE VEHICLE ACCIDENT,128,2017
HOMICIDE BY SHOOTING,124,2017
CARJACKING,119,2017
THEFT BY EMBEZZLEMENT,103,2017
SIMPLE ASSAULT,95,2017
CRUELTY TO ANIMALS,90,2017
POSSESSION OF STOLEN PROPERTY,89,2017
ILLEGAL CARRYING OF WEAPON,86,2017
AGGRAVATED BURGLARY,83,2017
DAILY WALKING BEAT LOG,79,2017
JUVENILE ATTACHMENT,76,2017
TRUANT VIOLATION,72,2017
INDECENT BEHAVIOR,71,2017
ARMED ROBBERY,63,2017
ISSUING WORTHLESS CHECKS,63,2017
DRUNK,59,2017
MEDICAL SEXUAL ASSAULT KIT PROCESSING,57,2017
ARMED ROBBERY WITH KNIFE,55,2017
SUSPICIOUS PACKAGE,50,2017
VIDEO VOYEURISM,48,2017
UNDERAGE DRINKING VIOLATION,43,2017
SIMPLE ARSON,38,2017
SIMPLE KIDNAPPING,35,2017
AGGRAVATED RAPE UNFOUNDED BY SPECIAL VICTIMS OR CHILD ABUSE,35,2017
AUTO ACCIDENT POLICE VEHICLE,33,2017
FORGERY,29,2017
SIMPLE BURGLARY DOMESTIC,28,2017
NEGLIENT INJURY,27,2017
CARJACKING- NO WEAPON,27,2017
AUTO ACCIDENT FATALITY,26,2017
VEHICLE PURSUIT,22,2017
BOMB SCARE,22,2017
ILLEGAL CARRYING OF WEAPON- KNIFE,22,2017
ATTACHMENT,19,2017
PARADE ITEM NUMBER,16,2017
DISPERSE SUBJECTS,15,2017
"BURGLAR ALARM, SILENT, FAR NO RESPONSE",15,2017
TRAFFIC CONGESTION,14,2017
SIMPLE ESCAPE,14,2017
BLIGHTED PROPERTY,14,2017
AGGRAVATED RAPE MALE VICTIM,14,2017
OFFICER NEEDS ASSISTANCE,13,2017
HOMICIDE,13,2017
AGGRAVATED ARSON,13,2017
CAD TEST,11,2017
FLOODED VEHICLE,11,2017
HOMICIDE BY CUTTING,10,2017
PROTEST,9,2017
SIMPLE RAPE MALE VICTIM,8,2017
HIT & RUN POLICE VEHICLE,8,2017
CONTRIBUTING TO DELINQUENCY,8,2017
SIMPLE RAPE UNFOUNDED BY SPECIAL VICTIMS OR CHILD ABUSE,8,2017
IMPERSONATING AN OFFICER,7,2017
AUTO ACCIDENT CITY VEHICLE,7,2017
PANDERING,6,2017
AGGRAVATED KIDNAPPING,6,2017
SEXTING,6,2017
EXPLOSION,5,2017
UNATTENDED PACKAGE,4,2017
HIT & RUN FATALITY,4,2017
MEET AN OFFICER,3,2017
GAMBLING,2,2017
ABANDONED BOAT,2,2017
HIT & RUN CITY VEHICLE,2,2017
HOSTAGE SITUATION,2,2017
RIOT,1,2017
FIRE/RESCUE,1,2017
ASSET SEIZURE,1,2017
FIREBOMB,1,2017
ORAL SEXUAL BATTERY,1,2017
DESECRATION OF GRAVES,1,2017
PEEPING TOM,1,2017
AIRPLANE CRASH,1,2017
SOLICITING FOR PROSTITUTION,1,2017
CRIMINAL MISCHIEF DOMESTIC,1,2017
SIMPLE ARSON DOMESTIC,1,2017
COMPLAINT OTHER,99002,2016
"BURGLAR ALARM, SILENT",44336,2016
TRAFFIC INCIDENT,38131,2016
DISTURBANCE (OTHER),29932,2016
AUTO ACCIDENT,16719,2016
SUSPICIOUS PERSON,16085,2016
WARR STOP WITH RELEASE,12709,2016
DOMESTIC DISTURBANCE,10531,2016
RETURN FOR ADDITIONAL INFO,8988,2016
HIT & RUN,8391,2016
MUNICIPAL ATTACHMENT,6608,2016
MEDICAL,6343,2016
MENTAL PATIENT,5277,2016
THEFT,5193,2016
AUTO ACCIDENT WITH INJURY,4915,2016
LOST PROPERTY,4448,2016
SIMPLE CRIMINAL DAMAGE,4306,2016
SIMPLE BATTERY DOMESTIC,4226,2016
SILENT 911 CALL,4194,2016
FIGHT,4159,2016
NOISE COMPLAINT,4065,2016
FUGITIVE ATTACHMENT,4020,2016
SIMPLE BURGLARY VEHICLE,3973,2016
SIMPLE BATTERY,3968,2016
RECKLESS DRIVING,3919,2016
SHOPLIFTING,3876,2016
AUTO THEFT,3635,2016
DISCHARGING FIREARM,3464,2016
HOLD UP ALARM,2611,2016
RESIDENCE BURGLARY,2214,2016
DRUG VIOLATIONS,2148,2016
THEFT BY FRAUD,1954,2016
PROWLER,1659,2016
QUALITY OF LIFE ISSUE,1576,2016
EXTORTION (THREATS),1533,2016
RECOVERY OF REPORTED STOLEN VEHICLE,1128,2016
MISSING JUVENILE,950,2016
THEFT FROM EXTERIOR,879,2016
SIMPLE BURGLARY,847,2016
SEX OFFENDER REGISTRATION CHECK,829,2016
HIT & RUN WITH INJURIES,816,2016
ARMED ROBBERY WITH GUN,780,2016
AGGRAVATED ASSAULT,724,2016
MISSING ADULT,709,2016
FIRE,707,2016
"OBSCENITY, EXPOSING",694,2016
PICKPOCKET,676,2016
CRIMINAL DAMAGE DOMESTIC,671,2016
BICYCLE THEFT,665,2016
UNAUTHORIZED USE OF VEHICLE,643,2016
"BURGLAR ALARM, LOCAL",625,2016
DIRECTED TRAFFIC ENFORCEMENT,613,2016
DEATH,591,2016
HOMELESS,577,2016
AGGRAVATED BATTERY BY SHOOTING,567,2016
DRIVING WHILE UNDER INFLUENCE,521,2016
SIMPLE ROBBERY,460,2016
FIREWORKS,423,2016
AGGRAVATED RAPE,379,2016
EXTORTION (THREATS) DOMESTIC,376,2016
BUSINESS BURGLARY,364,2016
DAILY WALKING BEAT LOG,362,2016
AGGRAVATED BATTERY BY KNIFE,350,2016
RECOVERY OF VEHICLE,350,2016
SEXUAL BATTERY,344,2016
VIOLATION OF PROTECTION ORDER,338,2016
TRAFFIC ATTACHMENT,300,2016
AGGRAVATED BATTERY,299,2016
AGGRAVATED ASSAULT DOMESTIC,296,2016
SUICIDE,286,2016
ILLEGAL CARRYING OF WEAPON- GUN,264,2016
UNCLASSIFIED DEATH,239,2016
SIMULTANEOS STOLEN/RECOVERY VEHICLE,226,2016
POLICE VEHICLE ACCIDENT,210,2016
CURFEW VIOLATION,210,2016
UNDERAGE DRINKING VIOLATION,204,2016
CRIMINAL MISCHIEF,201,2016
AGGRAVATED CRIMINAL DAMAGE,185,2016
"SIMPLE ROBBERY, PROPERTY SNATCHING",173,2016
CARJACKING,148,2016
HOMICIDE BY SHOOTING,140,2016
AGGRAVATED BATTERY DOMESTIC,131,2016
SIMPLE RAPE,125,2016
SIMPLE ASSAULT DOMESTIC,107,2016
TRUANT VIOLATION,104,2016
AGGRAVATED BURGLARY,101,2016
CAD TEST,99,2016
PROSTITUTION,96,2016
FLOOD EVENT,96,2016
INCIDENT REQUESTED BY ANOTHER AGENCY,88,2016
THEFT BY EMBEZZLEMENT,83,2016
SIMPLE ASSAULT,81,2016
MEDICAL SEXUAL ASSAULT KIT PROCESSING,81,2016
DRUNK,81,2016
ARMED ROBBERY,76,2016
INDECENT BEHAVIOR,76,2016
JUVENILE ATTACHMENT,67,2016
SIMPLE ARSON,65,2016
"OFFICER NEEDS ASSISTANCE, LIFE IN DANGER",61,2016
ILLEGAL CARRYING OF WEAPON,56,2016
ISSUING WORTHLESS CHECKS,56,2016
POSSESSION OF STOLEN PROPERTY,55,2016
AGGRAVATED RAPE UNFOUNDED BY SPECIAL VICTIMS OR CHILD ABUSE,55,2016
FORGERY,54,2016
ARMED ROBBERY WITH KNIFE,53,2016
ABANDONED VEHICLE,53,2016
SUSPICIOUS PACKAGE,52,2016
CRUELTY TO ANIMALS,46,2016
CARJACKING- NO WEAPON,39,2016
VEHICLE PURSUIT,37,2016
VIDEO VOYEURISM,35,2016
AUTO ACCIDENT FATALITY,31,2016
WRECKLESS DRIVING,29,2016
BOMB SCARE,26,2016
TRAFFIC CONGESTION,25,2016
ATTACHMENT,21,2016
NEGLIENT INJURY,20,2016
SIMPLE KIDNAPPING,18,2016
AGGRAVATED ARSON,15,2016
PARADE ITEM NUMBER,15,2016
HOMICIDE,15,2016
PROTEST,14,2016
SIMPLE ESCAPE,13,2016
AGGRAVATED RAPE MALE VICTIM,13,2016
SIMPLE BURGLARY DOMESTIC,13,2016
OFFICER NEEDS ASSISTANCE,11,2016
HIT & RUN POLICE VEHICLE,11,2016
UNATTENDED PACKAGE,10,2016
ILLEGAL CARRYING OF WEAPON- KNIFE,10,2016
CONTRIBUTING TO DELINQUENCY,9,2016
SIMPLE RAPE MALE VICTIM,8,2016
HIT & RUN FATALITY,7,2016
SIMPLE RAPE UNFOUNDED BY SPECIAL VICTIMS OR CHILD ABUSE,6,2016
BLIGHTED PROPERTY,6,2016
HOMICIDE BY CUTTING,6,2016
PANDERING,6,2016
SEXTING,6,2016
IMPERSONATING AN OFFICER,5,2016
MEET AN OFFICER,5,2016
AGGRAVATED KIDNAPPING,5,2016
GAMBLING,3,2016
SOLICITING FOR PROSTITUTION,3,2016
ORAL SEXUAL BATTERY,3,2016
EXPLOSION,3,2016
AIRPLANE CRASH,3,2016
ABANDONED BOAT,2,2016
HOMICIDE DOMESTIC,2,2016
CRIME AGAINST NATURE,2,2016
PEEPING TOM,1,2016
ASSET SEIZURE,1,2016
PICKETING,1,2016
UNLAWFUL SALES TO MINORS,1,2016
SIMPLE ARSON DOMESTIC,1,2016
FIREBOMB,1,2016
DESECRATION OF GRAVES,1,2016
CRIMINAL MISCHIEF DOMESTIC,1,2016
SHOTSPOTTER- POSSIBLE GUNSHOTS,1,2016
COMPLAINT OTHER,106691,2015
TRAFFIC INCIDENT,52598,2015
"BURGLAR ALARM, SILENT",49942,2015
DISTURBANCE (OTHER),30852,2015
SUSPICIOUS PERSON,17667,2015
AUTO ACCIDENT,16991,2015
WARR STOP WITH RELEASE,11345,2015
DOMESTIC DISTURBANCE,9631,2015
HIT & RUN,9009,2015
RETURN FOR ADDITIONAL INFO,8371,2015
MUNICIPAL ATTACHMENT,7238,2015
FUGITIVE ATTACHMENT,6777,2015
MEDICAL,6181,2015
THEFT,5613,2015
LOST PROPERTY,4888,2015
MENTAL PATIENT,4681,2015
FIGHT,4452,2015
AUTO ACCIDENT WITH INJURY,4445,2015
NOISE COMPLAINT,4415,2015
SILENT 911 CALL,4249,2015
WRECKLESS DRIVING,4159,2015
SIMPLE CRIMINAL DAMAGE,4083,2015
AUTO THEFT,3963,2015
SIMPLE BATTERY DOMESTIC,3844,2015
SIMPLE BATTERY,3797,2015
SIMPLE BURGLARY VEHICLE,3631,2015
SHOPLIFTING,3618,2015
DISCHARGING FIREARM,2950,2015
RESIDENCE BURGLARY,2497,2015
DRUG VIOLATIONS,2271,2015
THEFT BY FRAUD,1997,2015
HOLD UP ALARM,1820,2015
PROWLER,1619,2015
EXTORTION (THREATS),1211,2015
RECOVERY OF REPORTED STOLEN VEHICLE,1174,2015
MISSING JUVENILE,996,2015
SIMPLE BURGLARY,942,2015
SEX OFFENDER REGISTRATION CHECK,939,2015
DIRECTED TRAFFIC ENFORCEMENT,927,2015
ARMED ROBBERY WITH GUN,859,2015
HIT & RUN WITH INJURIES,815,2015
BICYCLE THEFT,800,2015
DRIVING WHILE UNDER INFLUENCE,794,2015
THEFT FROM EXTERIOR,776,2015
AGGRAVATED ASSAULT,723,2015
FIRE,720,2015
"BURGLAR ALARM, LOCAL",706,2015
MISSING ADULT,702,2015
BUSINESS BURGLARY,692,2015
UNAUTHORIZED USE OF VEHICLE,675,2015
"OBSCENITY, EXPOSING",662,2015
CRIMINAL DAMAGE DOMESTIC,650,2015
DEATH,556,2015
SIMPLE ROBBERY,479,2015
PICKPOCKET,470,2015
TRAFFIC ATTACHMENT,447,2015
AGGRAVATED BATTERY BY SHOOTING,421,2015
EXTORTION (THREATS) DOMESTIC,418,2015
FIREWORKS,380,2015
HOMELESS,373,2015
RECOVERY OF VEHICLE,372,2015
DAILY WALKING BEAT LOG,365,2015
AGGRAVATED BATTERY BY KNIFE,357,2015
AGGRAVATED BATTERY,305,2015
VIOLATION OF PROTECTION ORDER,281,2015
CURFEW VIOLATION,279,2015
AGGRAVATED RAPE,259,2015
SIMULTANEOS STOLEN/RECOVERY VEHICLE,248,2015
ILLEGAL CARRYING OF WEAPON- GUN,240,2015
AGGRAVATED ASSAULT DOMESTIC,238,2015
SUICIDE,226,2015
UNDERAGE DRINKING VIOLATION,203,2015
POLICE VEHICLE ACCIDENT,199,2015
TRUANT VIOLATION,199,2015
AGGRAVATED CRIMINAL DAMAGE,188,2015
CRIMINAL MISCHIEF,187,2015
CARJACKING,167,2015
SEXUAL BATTERY,161,2015
UNCLASSIFIED DEATH,158,2015
DRUNK,149,2015
PROSTITUTION,144,2015
"SIMPLE ROBBERY, PROPERTY SNATCHING",131,2015
HOMICIDE BY SHOOTING,130,2015
AGGRAVATED BATTERY DOMESTIC,109,2015
AGGRAVATED BURGLARY,107,2015
ARMED ROBBERY,96,2015
JUVENILE ATTACHMENT,90,2015
INDECENT BEHAVIOR,90,2015
SIMPLE ASSAULT DOMESTIC,89,2015
SIMPLE RAPE,87,2015
VEHICLE PURSUIT,80,2015
THEFT BY EMBEZZLEMENT,77,2015
POSSESSION OF STOLEN PROPERTY,76,2015
SIMPLE ASSAULT,73,2015
CRUELTY TO ANIMALS,71,2015
ARMED ROBBERY WITH KNIFE,61,2015
ILLEGAL CARRYING OF WEAPON,60,2015
FLOOD EVENT,55,2015
FORGERY,50,2015
SIMPLE ARSON,46,2015
AUTO ACCIDENT FATALITY,38,2015
CAD TEST,36,2015
CARJACKING- NO WEAPON,33,2015
TRAFFIC CONGESTION,32,2015
AGGRAVATED RAPE UNFOUNDED BY SPECIAL VICTIMS OR CHILD ABUSE,32,2015
"OFFICER NEEDS ASSISTANCE, LIFE IN DANGER",31,2015
SUSPICIOUS PACKAGE,30,2015
BOMB SCARE,30,2015
ABANDONED VEHICLE,27,2015
NEGLIENT INJURY,26,2015
ILLEGAL CARRYING OF WEAPON- KNIFE,22,2015
ATTACHMENT,21,2015
SOLICITING FOR PROSTITUTION,21,2015
AGGRAVATED ARSON,17,2015
AGGRAVATED RAPE MALE VICTIM,17,2015
MEDICAL SEXUAL ASSAULT KIT PROCESSING,17,2015
OFFICER NEEDS ASSISTANCE,16,2015
PARADE ITEM NUMBER,16,2015
UNATTENDED PACKAGE,15,2015
HOMICIDE,14,2015
SIMPLE KIDNAPPING,14,2015
SIMPLE ESCAPE,13,2015
HIT & RUN POLICE VEHICLE,11,2015
SIMPLE RAPE UNFOUNDED BY SPECIAL VICTIMS OR CHILD ABUSE,10,2015
SIMPLE BURGLARY DOMESTIC,9,2015
VIDEO VOYEURISM,9,2015
HOMICIDE BY CUTTING,8,2015
ISSUING WORTHLESS CHECKS,8,2015
IMPERSONATING AN OFFICER,8,2015
PEEPING TOM,6,2015
ELECTRONIC MONITORING ESCAPE/EVASION,6,2015
SIMPLE RAPE MALE VICTIM,6,2015
PROTEST,5,2015
ORAL SEXUAL BATTERY,5,2015
SHOTSPOTTER- POSSIBLE GUNSHOTS,4,2015
GAMBLING,4,2015
INCIDENT REQUESTED BY ANOTHER AGENCY,4,2015
HIT & RUN FATALITY,3,2015
CONTRIBUTING TO DELINQUENCY,3,2015
BLIGHTED PROPERTY,2,2015
DESECRATION OF GRAVES,2,2015
AGGRAVATED KIDNAPPING,2,2015
ABANDONED BOAT,2,2015
HOMICIDE DOMESTIC,1,2015
ASSET SEIZURE,1,2015
FIREBOMB,1,2015
PUBLIC BRIBERY,1,2015
CRIMINAL MISCHIEF DOMESTIC,1,2015
MEET AN OFFICER,1,2015
CRIME AGAINST NATURE,1,2015
SAFE BURGLARY,1,2015
PANDERING,1,2015
COMPLAINT OTHER,116476,2014
TRAFFIC INCIDENT,63078,2014
"BURGLAR ALARM, SILENT",48230,2014
DISTURBANCE (OTHER),32968,2014
SUSPICIOUS PERSON,19528,2014
AUTO ACCIDENT,16121,2014
FUGITIVE ATTACHMENT,11513,2014
MUNICIPAL ATTACHMENT,8367,2014
HIT & RUN,8005,2014
DOMESTIC DISTURBANCE,7935,2014
RETURN FOR ADDITIONAL INFO,7185,2014
MEDICAL,6034,2014
THEFT,5742,2014
NOISE COMPLAINT,4892,2014
LOST PROPERTY,4761,2014
FIGHT,4404,2014
SIMPLE CRIMINAL DAMAGE,4277,2014
SILENT 911 CALL,4225,2014
SIMPLE BURGLARY VEHICLE,4224,2014
WRECKLESS DRIVING,4210,2014
AUTO ACCIDENT WITH INJURY,4117,2014
AUTO THEFT,4099,2014
MENTAL PATIENT,4097,2014
SIMPLE BATTERY,3566,2014
SIMPLE BATTERY DOMESTIC,3307,2014
SHOPLIFTING,3076,2014
DISCHARGING FIREARM,2994,2014
WARR STOP WITH RELEASE,2965,2014
RESIDENCE BURGLARY,2778,2014
DRUG VIOLATIONS,2641,2014
THEFT BY FRAUD,1899,2014
PROWLER,1797,2014
HOLD UP ALARM,1694,2014
DRIVING WHILE UNDER INFLUENCE,1197,2014
SIMPLE BURGLARY,1145,2014
TRAFFIC ATTACHMENT,1139,2014
RECOVERY OF REPORTED STOLEN VEHICLE,1099,2014
EXTORTION (THREATS),1083,2014
MISSING JUVENILE,1000,2014
DIRECTED TRAFFIC ENFORCEMENT,874,2014
ARMED ROBBERY WITH GUN,835,2014
BICYCLE THEFT,797,2014
UNDERAGE DRINKING VIOLATION,729,2014
HIT & RUN WITH INJURIES,680,2014
DEATH,675,2014
MISSING ADULT,657,2014
FIRE,637,2014
"BURGLAR ALARM, LOCAL",632,2014
THEFT FROM EXTERIOR,630,2014
"OBSCENITY, EXPOSING",621,2014
AGGRAVATED ASSAULT,585,2014
SIMPLE ROBBERY,575,2014
CRIMINAL DAMAGE DOMESTIC,574,2014
PICKPOCKET,561,2014
UNAUTHORIZED USE OF VEHICLE,515,2014
AGGRAVATED BATTERY BY SHOOTING,456,2014
HOMELESS,434,2014
CURFEW VIOLATION,373,2014
DAILY WALKING BEAT LOG,367,2014
TRUANT VIOLATION,366,2014
AGGRAVATED BATTERY BY KNIFE,362,2014
RECOVERY OF VEHICLE,360,2014
FIREWORKS,355,2014
BUSINESS BUGLARY,355,2014
EXTORTION (THREATS) DOMESTIC,328,2014
AGGRAVATED BATTERY,327,2014
BUSINESS BURGLARY,300,2014
SUICIDE,255,2014
ILLEGAL CARRYING OF WEAPON- GUN,253,2014
VIOLATION OF PROTECTION ORDER,236,2014
AGGRAVATED ASSAULT DOMESTIC,223,2014
SIMULTANEOS STOLEN/RECOVERY VEHICLE,213,2014
AGGRAVATED RAPE,204,2014
DRUNK,202,2014
CRIMINAL MISCHIEF,198,2014
AGGRAVATED CRIMINAL DAMAGE,192,2014
POLICE VEHICLE ACCIDENT,181,2014
"SIMPLE ROBBERY, PROPERTY SNATCHING",174,2014
AGGRAVATED BURGLARY,131,2014
HOMICIDE BY SHOOTING,121,2014
JUVENILE ATTACHMENT,110,2014
PROSTITUTION,106,2014
AGGRAVATED BATTERY DOMESTIC,99,2014
ARMED ROBBERY,96,2014
CARJACKING,95,2014
SIMPLE RAPE,86,2014
ARMED ROBBERY WITH KNIFE,84,2014
THEFT BY EMBEZZLEMENT,81,2014
CRUELTY TO ANIMALS,79,2014
UNCLASSIFIED DEATH,75,2014
INCIDENT REQUESTED BY ANOTHER AGENCY,73,2014
POSSESSION OF STOLEN PROPERTY,72,2014
ILLEGAL CARRYING OF WEAPON,69,2014
VEHICLE PURSUIT,69,2014
FORGERY,67,2014
FLOOD EVENT,64,2014
SIMPLE ARSON,61,2014
SIMPLE ASSAULT,55,2014
SIMPLE ASSAULT DOMESTIC,51,2014
TRAFFIC CONGESTION,50,2014
INDECENT BEHAVIOR,35,2014
SUSPICIOUS PACKAGE,34,2014
AGGRAVATED ARSON,30,2014
AUTO ACCIDENT FATALITY,30,2014
CAD TEST,30,2014
SEXUAL BATTERY,29,2014
NEGLIENT INJURY,27,2014
OFFICER NEEDS ASSISTANCE,20,2014
CARJACKING- NO WEAPON,19,2014
ATTACHMENT,17,2014
ILLEGAL CARRYING OF WEAPON- KNIFE,16,2014
HOMICIDE,16,2014
UNATTENDED PACKAGE,15,2014
"OFFICER NEEDS ASSISTANCE, LIFE IN DANGER",15,2014
PARADE ITEM NUMBER,15,2014
SIMPLE KIDNAPPING,15,2014
BOMB SCARE,13,2014
ABANDONED VEHICLE,13,2014
ISSUING WORTHLESS CHECKS,11,2014
SIMPLE BURGLARY DOMESTIC,10,2014
HIT & RUN POLICE VEHICLE,10,2014
HIT & RUN FATALITY,9,2014
GAMBLING,7,2014
AGGRAVATED RAPE MALE VICTIM,7,2014
ORAL SEXUAL BATTERY,7,2014
SIMPLE ESCAPE,7,2014
CRIMINAL MISCHIEF DOMESTIC,6,2014
CONTRIBUTING TO DELINQUENCY,5,2014
IMPERSONATING AN OFFICER,5,2014
HOMICIDE BY CUTTING,5,2014
PANDERING,4,2014
DESECRATION OF GRAVES,4,2014
AGGRAVATED KIDNAPPING,4,2014
PEEPING TOM,4,2014
CRIME AGAINST NATURE,3,2014
HOMICIDE DOMESTIC,3,2014
BLIGHTED PROPERTY,3,2014
SAFE BURGLARY,2,2014
SIMPLE ARSON DOMESTIC,2,2014
ASSET SEIZURE,1,2014
TEXT-TO-911 TESTING,1,2014
PROTEST,1,2014
SIMPLE RAPE MALE VICTIM,1,2014
PICKETING,1,2014
SOLICITING FOR PROSTITUTION,1,2014
DISPERSE SUBJECTS,1,2014
COMPLAINT OTHER,109495,2013
TRAFFIC INCIDENT,83130,2013
DISTURBANCE (OTHER),35619,2013
"BURGLAR ALARM, SILEN",32020,2013
SUSPICIOUS PERSON,22668,2013
AUTO ACCIDENT,15816,2013
FUGITIVE ATTACHMENT,15171,2013
"BURGLAR ALARM, SILENT",14249,2013
MUNICIPAL ATTACHMENT,9729,2013
HIT & RUN,7346,2013
DOMESTIC DISTURBANCE,6877,2013
LOST OR STOLEN,6644,2013
MEDICAL,6421,2013
THEFT,6070,2013
NOISE COMPLAINT,4934,2013
SILENT 911 CALL,4619,2013
FIGHT,4487,2013
RETURN FOR ADD'L INF,4049,2013
MENTAL PATIENT,3810,2013
SIMPLE BATTERY,3436,2013
AUTO THEFT,3381,2013
DRUG VIOLATIONS,3284,2013
RECKLESS DRIVING,3136,2013
AUTO ACCIDENT WITH I,2795,2013
SIMPLE CRIMINAL DAMA,2734,2013
DISCHARGING FIREARM,2670,2013
RESIDENCE BURGLARY,2666,2013
SHOPLIFTING,2477,2013
SIMPLE BURGLARY VEHI,2300,2013
SIMPLE BATTERY DOMES,2227,2013
PROWLER,2150,2013
RETURN FOR ADDITIONAL INFO,1873,2013
THEFT BY FRAUD,1560,2013
TRAFFIC ATTACHMENT,1481,2013
HOLD UP ALARM,1468,2013
AUTO ACCIDENT WITH INJURY,1287,2013
SIMPLE CRIMINAL DAMAGE,1180,2013
EXTORTION (THREATS),1178,2013
WRECKLESS DRIVING,1136,2013
SIMPLE BURGLARY,1058,2013
MISSING JUVENILE,960,2013
SIMPLE BURGLARY VEHICLE,926,2013
SIMPLE BATTERY DOMESTIC,885,2013
CURFEW VIOLATION,823,2013
BICYCLE THEFT,806,2013
"BURGLAR ALARM, LOCAL",745,2013
DRIVING WHILE UNDER,743,2013
DIRECTED TRAFFIC ENF,740,2013
FIRE,706,2013
DEATH,683,2013
UNDERAGE DRINKING VI,677,2013
"OBSCENITY, EXPOSING",659,2013
TRUANT VIOLATION,612,2013
MISSING ADULT,601,2013
RECOVERY OF REPORTED,589,2013
THEFT FROM EXTERIOR,578,2013
AGGRAVATED ASSAULT,534,2013
SIMPLE ROBBERY,516,2013
AGGRAVATED BATTERY B,494,2013
FIREWORKS,482,2013
HIT & RUN WITH INJUR,479,2013
UNAUTHORIZED USE OF,424,2013
ARMED ROBBERY WITH G,416,2013
RECOVERY OF VEHICLE,395,2013
DRIVING WHILE UNDER INFLUENCE,377,2013
CRIMINAL DAMAGE DOME,356,2013
PICKPOCKET,343,2013
BUSINESS BURGLARY,320,2013
DIRECTED TRAFFIC ENFORCEMENT,310,2013
HOMELESS,308,2013
ILLEGAL CARRYING OF,301,2013
UNDERAGE DRINKING VIOLATION,283,2013
AGGRAVATED BATTERY,266,2013
DAILY WALKING BEAT L,254,2013
SUICIDE,238,2013
RECOVERY OF REPORTED STOLEN VEHICLE,223,2013
ARMED ROBBERY WITH GUN,217,2013
CRIMINAL MISCHIEF,204,2013
DRUNK,193,2013
HIT & RUN WITH INJURIES,193,2013
WARR STOP W RELEASE,192,2013
AGGRAVATED RAPE,167,2013
PROSTITUTION,154,2013
VIOLATION OF PROTECT,152,2013
WARR STOP WITH RELEASE,151,2013
JUVENILE ATTACHMENT,150,2013
BUSINESS BUGLARY,149,2013
UNAUTHORIZED USE OF VEHICLE,149,2013
INCIDENT REQUESTED BY ANOTHER AGENCY,148,2013
SIMPLE ROBBERY PROPE,137,2013
INCIDENT REQUESTED B,137,2013
SIMULTANEOUS STOLEN/,132,2013
CRIMINAL DAMAGE DOMESTIC,130,2013
HOMICIDE BY SHOOTING,128,2013
FORGERY,125,2013
CRUELTY TO ANIMALS,117,2013
POLICE VEHICLE ACCID,116,2013
DAILY WALKING BEAT LOG,110,2013
AGGRAVATED ASSAULT D,106,2013
FLOOD EVENT,105,2013
ARMED ROBBERY,102,2013
AGGRAVATED BATTERY BY KNIFE,95,2013
AGGRAVATED BATTERY BY SHOOTING,94,2013
AGGRAVATED BURGLARY,85,2013
SIMPLE ARSON,84,2013
CRIME AGAINST NATURE,78,2013
AGGRAVATED CRIMINAL,76,2013
SIMPLE RAPE,76,2013
EXTORTION (THREATS) DOMESTIC,75,2013
ILLEGAL CARRYING OF WEAPON- GUN,71,2013
"SIMPLE ROBBERY, PROPERTY SNATCHING",67,2013
AGGRAVATED BATTERY D,64,2013
POLICE VEHICLE ACCIDENT,64,2013
POSSESSION OF STOLEN,63,2013
VIOLATION OF PROTECTION ORDER,59,2013
BOMB SCARE,54,2013
TRAFFIC CONGESTION,52,2013
CARJACKING,51,2013
UNATTENDED PACKAGE,49,2013
AGGRAVATED ASSAULT DOMESTIC,46,2013
UNCLASSIFIED DEATH,44,2013
ARMED ROBBERY WITH K,43,2013
ATTACHMENT,43,2013
SIMULTANEOS STOLEN/RECOVERY VEHICLE,39,2013
SIMPLE ASSAULT,38,2013
VEHICLE PURSUIT,38,2013
SUSPICIOUS PACKAGE,37,2013
AGGRAVATED CRIMINAL DAMAGE,36,2013
THEFT BY EMBEZZLEMEN,33,2013
AGGRAVATED BATTERY DOMESTIC,29,2013
AGGRAVATED ARSON,28,2013
OFFICER NEEDS ASSIST,28,2013
CAD TEST,27,2013
SEXUAL BATTERY,26,2013
ILLEGAL CARRYING OF WEAPON,25,2013
INDECENT BEHAVIOR,24,2013
AUTO ACCIDENT FATALI,23,2013
CARNAL KNOWLEDGE OF,21,2013
HOMICIDE,21,2013
POSSESSION OF STOLEN PROPERTY,21,2013
CRIMINAL DAMANGE DOM,19,2013
SIMPLE ESCAPE,19,2013
SIMPLE ASSAULT DOMES,18,2013
ABANDONED VEHICLE,16,2013
PARADE ITEM NUMBER,15,2013
SIMPLE KIDNAPPING,14,2013
NEGLIGENT INJURY,14,2013
PANDERING,14,2013
GAMBLING,14,2013
ARMED ROBBERY WITH KNIFE,14,2013
SIMPLE ASSAULT DOMESTIC,14,2013
THEFT BY EMBEZZLEMENT,12,2013
AUTO ACCIDENT FATALITY,11,2013
CARJACKING - NO WEAP,10,2013
HOMICIDE BY CUTTING,8,2013
CONTRIBUTING TO DELI,8,2013
OFFICER NEEDS ASSISTANCE,8,2013
"OFFICER NEEDS ASSISTANCE, LIFE IN DANGER",8,2013
TEXT-TO-911 TESTING,8,2013
SIMPLE BURGLARY DOME,7,2013
SOLICITING FOR PROST,7,2013
HIT & RUN FATALITY,7,2013
ILLEGAL CARRYING OF WEAPON- KNIFE,6,2013
AGGRAVATED KIDNAPPIN,5,2013
BLIGHTED PROPERTY,5,2013
HIT & RUN POLICE VEHICLE,5,2013
CARJACKING- NO WEAPON,5,2013
AGGRAVATED RAPE MALE,4,2013
PEEPING TOM,4,2013
SIMPLE RAPE MALE VIC,4,2013
ISSUING WORTHLESS CH,4,2013
PROTEST,4,2013
ORAL SEXUAL BATTERY,3,2013
NEGLIENT INJURY,3,2013
EXPLOSION,2,2013
TEST INCIDENT,2,2013
HOMICIDE DOMESTIC,2,2013
CRIMINAL MISCHIEF DO,2,2013
PUBLIC BRIBERY,2,2013
ISSUING WORTHLESS CHECKS,2,2013
AGGRAVATED KIDNAPPING,2,2013
SIMPLE BURGLARY DOMESTIC,2,2013
CONTRIBUTING TO DELINQUENCY,2,2013
AUTO SMASH & GRAB,1,2013
IMPERSONATING AN OFF,1,2013
PICKETING,1,2013
ASSET SEIZURE,1,2013
DESECRATION OF GRAVE,1,2013
HIGHTEST SCRIPTS.,1,2013
AIRPLANE CRASH,1,2013
ABORTION,1,2013
HIT & RUN POLICE VEH,1,2013
SOLICITING FOR PROSTITUTION,1,2013
AGGRAVATED RAPE MALE VICTIM,1,2013
MEET AN OFFICER,1,2013
DISPERSE SUBJECTS,1,2013
FIRE/RESCUE,1,2013
FIREBOMB,1,2013
COMPLAINT OTHER,119613,2012
TRAFFIC  INCIDENT,80748,2012
"BURGLAR ALARM, SILEN",48444,2012
DISTURBANCE (OTHER),47295,2012
SUSPICIOUS PERSON,29035,2012
FUGITIVE ATTTACHMENT,16604,2012
TRAFFIC INCIDENT,15355,2012
AUTO ACCIDENT,15284,2012
MUNICIPAL  ATTTACHME,7030,2012
DOMESTIC DISTURBANCE,6856,2012
HIT & RUN,6783,2012
LOST OR STOLEN,6402,2012
AMBULANCE REQUEST,5889,2012
SILENT E-911 CALL,5273,2012
THEFT,5180,2012
FIGHT,4710,2012
RETURN FOR ADDITIONA,4640,2012
RECKLESS DRIVING,4416,2012
MENTAL PATIENT,4257,2012
SIMPLE CRIMINAL DAMA,4025,2012
AUTO ACCIDENT WITH I,3733,2012
DRUG VIOLATIONS,3405,2012
SIMPLE BATTERY,3337,2012
AUTO THEFT,3286,2012
FUGITIVE ATTACHMENT,3110,2012
SIMPLE BATTERY DOMES,3106,2012
THEFT FROM INTERIOR,2811,2012
RESIDENCE BURGLARY,2801,2012
DISCHARGING FIREARMS,2733,2012
PROWLER,2226,2012
SHOPLIFTING,1652,2012
HOLD UP ALARM,1550,2012
CURFEW VIOLATION,1460,2012
MUNICIPAL ATTACHMENT,1410,2012
EXTORTION (THREATS),1306,2012
DRIVING WHILE UNDER,1277,2012
TRAFFIC  ATTTACHMENT,1158,2012
MEDICAL,1051,2012
MISSING JUVENILE,975,2012
THEFT BY FRAUD,970,2012
"BURGLAR ALARM, LOCAL",952,2012
SIMPLE BURGLARY,951,2012
TRUANT VIOLATION,900,2012
RETURN FOR ADD'L INF,880,2012
FIRE,879,2012
SILENT 911 CALL,826,2012
BICYCLE THEFT,812,2012
AGGRAVATED BATTERY B,804,2012
RECOVERY OF A PREVIO,706,2012
DIRECTED TRAFFIC ENF,686,2012
FIREWORKS,674,2012
DISCHARGING FIREARM,637,2012
"OBSCENITY ,EXPOSING",631,2012
ARMED ROBBERY WITH G,630,2012
AGGRAVATED ASSAULT,600,2012
WARR STOP W RELEASE,575,2012
DEATH,569,2012
MISSING ADULT,563,2012
BUSINESS BURGLARY,544,2012
ILLEGAL CARRYING OF,489,2012
THEFT FROM EXTERIOR,480,2012
UNAUTHORIZED USE OF,472,2012
SIMPLE BURGLARY VEHI,442,2012
HOMELESS,431,2012
SIMPLE ROBBERY,429,2012
DOMESTIC CRIMINAL DA,421,2012
HIT & RUN  WITH INJU,413,2012
UNDER AGE DRINKING V,390,2012
DAILY WALKING BEAT L,368,2012
RECOVERY OF A VEHICL,335,2012
SUICIDE,264,2012
TRAFFIC ATTACHMENT,255,2012
AGGRAVATED BATTERY,249,2012
AGGRAVATED CRIMINAL,233,2012
POLICE VEHICLE ACCID,225,2012
PICKPOCKET,220,2012
DRUNK,208,2012
VIOLATION OF PROTECT,191,2012
SIMULTANEOUS STOLEN/,183,2012
CRIMINAL MISCHIEF,181,2012
HOMICIDE BY SHOOTING,150,2012
AGGRAVATED ASSAULT D,150,2012
AGGRAVATED RAPE,145,2012
FLOOD EVENT,144,2012
PROSTITUTION,139,2012
RECOVERY OF REPORTED,128,2012
CRUELTY TO ANIMALS,105,2012
UNDERAGE DRINKING VI,103,2012
HIT & RUN WITH INJUR,100,2012
SIMPLE ROBBERY - PUR,99,2012
INCIDENT REQUESTED B,99,2012
AGGRAVATED BATTERY D,95,2012
FORGERY,95,2012
AGGRAVATED BURGLARY,90,2012
POSSESSION OF STOLEN,87,2012
ARMED ROBBERY,85,2012
CRIMINAL DAMANGE DOM,85,2012
"OBSCENITY, EXPOSING",85,2012
RECOVERY OF VEHICLE,77,2012
SIMPLE ARSON,75,2012
CAR JACKING,59,2012
CRIME AGAINST NATURE,59,2012
TRAFFIC CONGESTION,58,2012
CRUELTY TO JUVENILES,49,2012
DEATH-UNCLASSIFIED,46,2012
SIMPLE RAPE,43,2012
VEHICLE PURSUIT,38,2012
ATTACHMENT,36,2012
INDECENT BEHAVIOR,34,2012
SIMPLE ROBBERY PROPE,28,2012
SIMPLE ASSAULT,27,2012
SIMPLE  ESCAPE,27,2012
THEFT BY EMBEZZLEMEN,26,2012
ARMED ROBBERY WITH K,25,2012
SEXUAL BATTERY,24,2012
CARNAL KNOWLEDGE OF,24,2012
JUVENILE ATTACHMENT,24,2012
AUTO ACCIDENT FATALI,21,2012
SIMPLE ASSAULT DOMES,21,2012
AGGRAVATED ARRSON,20,2012
ABANDON VEHICLE,15,2012
PARADE ITEM NUMBERS,15,2012
SIMPLE KIDNAPPING,15,2012
NEGLIGENT INJURY,14,2012
HOMICIDE,14,2012
OFFICER NEED ASSISTA,14,2012
FIRE/RESCUE,14,2012
GAMBLING  WITH DICE,13,2012
BOMB SCARE,11,2012
OFFICER NEEDS ASSIST,11,2012
HIT & RUN POLICE VEH,11,2012
UNCLASSIFIED DEATH,11,2012
CONTRIBUTING TO DELI,10,2012
CAR JACKING - NO WEA,8,2012
SIMPLE BURGLARY DOME,8,2012
SOLICITING FOR PROST,7,2012
PANDERING,7,2012
CARJACKING,7,2012
IMPERSONATING AN OFF,6,2012
GAMBLING,6,2012
HOMICIDE BY CUTTING,6,2012
TEST INCIDENT,6,2012
PEEPING TOM,5,2012
ISSUING WORTHLESS CH,5,2012
BLIGHTED PROPERTY,5,2012
DEMONSTRATION,4,2012
CAD TEST - DO NOT DI,4,2012
HIT & RUN  FATALITY,4,2012
AGGRAVATED ARSON,4,2012
AGGRAVATED KIDNAPPIN,3,2012
PUBLIC BRIBERY,3,2012
EXPLOSION,3,2012
AGGRAVATED RAPE - MA,3,2012
DISBURSE SUBJECTS,2,2012
SIMPLE RAPE - MALE V,2,2012
CRIMINAL MISCHIEF DO,2,2012
CARJACKING - NO WEAP,2,2012
VOTING/ELECTION EVEN,2,2012
HIT & RUN FATALITY,2,2012
SIMPLE ESCAPE,2,2012
FIRE BOMB,1,2012
AUTO SMASH & GRAB,1,2012
SAFE BURGLARY,1,2012
UNLAWFUL SALES TO MI,1,2012
HOMICIDE DOMESTIC,1,2012
ORAL SEXUAL BATTERY,1,2012
ABANDONED VEHICLE,1,2012
COMPLAINT OTHER,126701,2011
TRAFFIC  INCIDENT,99353,2011
DISTURBANCE (OTHER),46885,2011
"BURGLAR ALARM, SILEN",44917,2011
SUSPICIOUS PERSON,34645,2011
FUGITIVE ATTTACHMENT,15921,2011
AUTO ACCIDENT,15404,2011
DOMESTIC DISTURBANCE,6703,2011
AMBULANCE REQUEST,6655,2011
HIT & RUN,6632,2011
LOST OR STOLEN,6575,2011
MUNICIPAL  ATTTACHME,6448,2011
RETURN FOR ADDITIONA,5535,2011
SILENT E-911 CALL,5152,2011
THEFT,4853,2011
FIGHT,4554,2011
RECKLESS DRIVING,4402,2011
SIMPLE CRIMINAL DAMA,4249,2011
MENTAL PATIENT,4047,2011
AUTO THEFT,3885,2011
THEFT FROM INTERIOR,3648,2011
AUTO ACCIDENT WITH I,3626,2011
DISCHARGING FIREARMS,3431,2011
RESIDENCE BURGLARY,3228,2011
DRUG VIOLATIONS,3093,2011
SIMPLE BATTERY,3077,2011
SIMPLE BATTERY DOMES,2930,2011
PROWLER,2488,2011
DIRECTED TRAFFIC ENF,1460,2011
DRIVING WHILE UNDER,1360,2011
HOLD UP ALARM,1303,2011
TRAFFIC  ATTTACHMENT,1295,2011
SIMPLE BURGLARY,1283,2011
EXTORTION (THREATS),1275,2011
SHOPLIFTING,1213,2011
FIRE,1151,2011
WARR STOP W RELEASE,1056,2011
MISSING JUVENILE,1054,2011
"BURGLAR ALARM, LOCAL",971,2011
THEFT BY FRAUD,805,2011
CURFEW VIOLATION,778,2011
AGGRAVATED BATTERY B,774,2011
RECOVERY OF A PREVIO,755,2011
ARMED ROBBERY WITH G,677,2011
FIREWORKS,659,2011
"OBSCENITY ,EXPOSING",646,2011
BICYCLE THEFT,640,2011
TRUANT VIOLATION,622,2011
DEATH,591,2011
UNAUTHORIZED USE OF,536,2011
MISSING ADULT,534,2011
AGGRAVATED ASSAULT,533,2011
DOMESTIC CRIMINAL DA,533,2011
BUSINESS BURGLARY,507,2011
ILLEGAL CARRYING OF,497,2011
HIT & RUN  WITH INJU,472,2011
THEFT FROM EXTERIOR,466,2011
HOMELESS,466,2011
RECOVERY OF A VEHICL,417,2011
SIMPLE ROBBERY,400,2011
DAILY WALKING BEAT L,368,2011
UNDER AGE DRINKING V,331,2011
SUICIDE,316,2011
AGGRAVATED BATTERY,255,2011
POLICE VEHICLE ACCID,251,2011
CRIMINAL MISCHIEF,238,2011
DRUNK,205,2011
AGGRAVATED RAPE,200,2011
SIMULTANEOUS STOLEN/,198,2011
AGGRAVATED CRIMINAL,181,2011
CRIME AGAINST NATURE,180,2011
HOMICIDE BY SHOOTING,157,2011
PICKPOCKET,156,2011
VIOLATION OF PROTECT,153,2011
AGGRAVATED ASSAULT D,131,2011
SIMPLE ROBBERY - PUR,122,2011
SIMPLE ARSON,119,2011
AGGRAVATED BURGLARY,113,2011
FORGERY,107,2011
AGGRAVATED BATTERY D,103,2011
CRUELTY TO ANNIMALS,93,2011
CAR JACKING,89,2011
ARMED ROBBERY,88,2011
POSSESSION OF STOLEN,86,2011
CRUELTY TO JUVENILES,83,2011
PROSTITUTION,76,2011
TRAFFIC CONGESTION,64,2011
DEATH-UNCLASSIFIED,58,2011
VEHICLE PURSUIT,57,2011
INCIDENT REQUESTED B,51,2011
ARMED ROBBERY WITH K,48,2011
CRUELTY TO ANIMALS,44,2011
SIMPLE ASSAULT DOMES,36,2011
GAMBLING  WITH DICE,35,2011
SEXUAL BATTERY,35,2011
SIMPLE RAPE,35,2011
CARNAL KNOWLEDGE OF,31,2011
SOLICITING FOR PROST,31,2011
ATTACHMENT,30,2011
SIMPLE  ESCAPE,28,2011
SIMPLE ASSAULT,26,2011
AGGRAVATED ARRSON,26,2011
INDECENT BEHAVIOR,25,2011
ABANDON VEHICLE,25,2011
HOMICIDE,24,2011
AUTO ACCIDENT FATALI,23,2011
NEGLIGENT INJURY,19,2011
BOMB SCARE,19,2011
THEFT BY EMBEZZLEMEN,18,2011
SIMPLE KIDNAPPING,17,2011
OFFICER NEEDS ASSIST,16,2011
PARADE ITEM NUMBERS,16,2011
IMPERSONATING AN OFF,15,2011
CONTRIBUTING TO DELI,13,2011
AGGRIVATED ARRSON,12,2011
HIT & RUN POLICE VEH,11,2011
CAR JACKING - NO WEA,11,2011
AGGRAVATED RAPE - MA,7,2011
ISSUING WORTHLESS CH,7,2011
OFFICER NEED ASSISTA,7,2011
AGGRAVATED KIDNAPPIN,6,2011
HIT & RUN  FATALITY,6,2011
TEST INCIDENT,5,2011
SIMPLE BURGLARY DOME,5,2011
DEMONSTRATION,5,2011
ORAL SEXUAL BATTERY,4,2011
MISC ALL OTHER MISCE,4,2011
GAMBLING,4,2011
AIRPLANE CRASH,3,2011
PEEPING TOM,3,2011
CRIMINAL MISCHIEF DO,3,2011
HOMICIDE BY CUTTING,3,2011
PUBLIC WORKS ENFORCE,3,2011
CAD TEST - DO NOT DI,2,2011
PUBLIC BRIBERY,2,2011
DISBURSE SUBJECTS,2,2011
PICKETING,2,2011
EXPLOSION,1,2011
HOSTAGE SITUATION,1,2011
HOMICIDE DOMESTIC,1,2011
SIGNS,1,2011
DESCRICATION OF GRAV,1,2011
DESECRATION OF GRAVE,1,2011